Math Score,English Score,Ukrainian Score,Privileged
200.0,162.92313404836923,109.99973163327896,0
162.0047162510167,145.50325224800582,161.0335203276089,0
179.36213952317217,119.81889426238826,108.35299503990412,0
200.0,125.35350523190601,72.74392119692203,0
200.0,103.55237031452873,124.9168318688571,0
120.68166360370768,165.95923917021574,159.93277264465195,0
178.50265252576767,187.8170653512645,141.90356599290106,0
145.45928375106905,146.98819489795903,188.01392821860213,0
146.90343444619327,137.9895355495973,155.51260486295067,0
162.31795505815117,105.83031214600531,127.01071044158758,0
154.32130713482633,177.39605772756533,136.8124934856152,0
193.62820520888926,200.0,106.90375922192464,0
172.8311317544098,96.07632586899308,182.57391674117792,0
153.65025049478484,118.0970118553618,108.56699741751127,0
163.31589698236277,129.61220872367568,122.38777103642192,0
160.010229821228,133.07046270952532,145.19141338714115,0
194.8223721947282,156.82037850430444,150.07059793472467,0
143.84525208702598,198.42748641840683,104.92048909470633,0
159.39203104952705,180.2579186058031,122.83392614341514,0
124.37712782094826,165.8279214832295,157.95121806717955,0
73.41030552497764,128.28213887824194,183.89170076990982,1
169.60855786321082,116.41115298958637,160.47010686270525,0
175.93308596578518,126.09674081081097,149.22570715227437,0
127.73504938780674,196.44200404136217,103.12773798389608,1
200.0,148.14770095626298,131.47972960343728,1
106.36902976203706,136.59491239012135,165.64482723933162,0
151.37275551904338,144.48732809250023,182.42840009564662,0
144.38448449922498,174.73854658915403,176.68127724465762,0
195.98337643075374,110.61450976350625,154.1421493333682,0
194.08076309700854,192.44622407767267,186.13801399947533,0
154.6484227709075,154.69428770838897,200.0,0
161.3448755880652,143.5096806511282,132.18414253851935,0
123.36642757109662,163.28538341240215,127.1065261396489,0
90.5761059532822,156.55191219389812,195.55448777339163,0
139.56263552021542,139.67410630597857,157.0639357615626,0
154.6904690731194,142.4186798387518,153.3692306528181,0
186.90872042183162,123.93412359402143,161.77122982977377,0
186.07139546353233,169.69172252577908,130.3654048444512,0
138.38019547776145,134.04018571766514,118.95614145748233,0
140.93091748273994,121.31224732703151,126.68557471355068,0
118.54341104798722,154.97590567960611,187.37838770493045,0
107.39946188463074,189.8742384823666,106.90078005946256,0
98.81189428124962,148.5496612866054,164.95963936945648,0
200.0,131.7569622914493,133.26937619923473,0
134.7104345474504,162.1168806250792,139.39899333853967,0
136.8577709516644,200.0,172.28852929825,0
112.41613919850221,106.44283411704758,175.31966740073688,0
173.32471067495732,161.4660836335588,160.2892961360081,0
101.58306457326145,156.15259875695563,93.80641012901981,0
143.61779159358093,184.8460141067735,197.12894126027373,0
123.13600316418973,179.72727521054537,189.3058955159868,0
161.60707493577786,144.39872664570663,152.74310499573443,0
134.67584587293382,99.46448233725351,150.30773450878235,0
114.58103447632763,174.1969130368878,200.0,0
149.15453314984035,124.9442192942555,178.41672813881183,0
162.84995611591253,121.59778767128432,149.12116789275242,0
151.99551667149504,184.45051742073377,141.22983972446568,0
159.07415693219343,122.67448867084042,144.19388666966918,0
130.9703371895711,192.08534220300731,185.31696163191498,0
139.11776502038586,160.0753416421594,181.19975354120064,0
129.82618656672147,159.57355200258849,101.5973096550359,0
139.21340515378375,159.21794341516772,163.9392719659819,0
125.60561153866638,100.84729122774624,175.92363994132822,1
98.21152193004968,96.70834150960272,104.80610502084845,0
155.32278426761258,156.46659161366054,149.91105745685033,0
137.94657191375214,167.0402207767926,96.68869180870443,0
101.09404959101866,152.47833096468602,153.8847850782416,0
163.88346766577322,125.35396448941418,87.50296494261156,0
122.78104906850274,150.56766311646584,129.54763428876248,0
151.55836187388417,147.53897540563548,131.66802256514598,0
171.8727168653261,121.28525705173769,128.7345053957218,1
153.8694873227223,180.41916462336485,193.545840509237,0
184.18202053629904,98.09171815349742,166.0653170921731,0
112.95522538939042,167.6622722042252,138.01293419029798,0
162.07024923532646,161.52970215633735,122.00766477317697,0
129.4556972717906,180.29135564435143,142.83671049464303,0
123.87608552454356,119.84064382953423,119.12661095102055,0
132.63451005706753,153.04221440004633,179.19240012448995,0
140.65342403617882,200.0,200.0,0
151.68496026689238,169.8622286699912,181.59599694246333,0
115.04550477649931,153.0174362618689,159.95071036635446,0
177.0247946086256,166.1748382234259,145.03113650120562,0
163.9698731919138,152.5853052714036,137.84681131615616,0
103.91268941168329,200.0,200.0,0
194.647565813868,179.5090858736754,132.72193177435395,0
200.0,147.43155137308509,196.8329567068725,1
185.36338713478952,157.56994294153563,116.05382273939554,0
144.60225492562947,138.27606011756959,141.1130503680538,0
117.87742135468372,186.29550379230915,98.57830221837642,0
181.6335518079341,107.81685685826967,154.7770260368484,0
137.90469159080462,101.8578441041704,112.0881713437138,0
186.6733521114728,193.76144249027982,199.95148220371325,0
156.2482493423058,200.0,162.3681681498321,0
179.2991710945114,164.04914723068777,166.12190240630454,0
160.69099191523205,153.38213823707213,158.4803534749431,0
171.19719504575843,169.7180307091433,117.22377556826586,0
150.31500062162462,130.58839420851723,153.7235486320148,1
200.0,155.13730635456636,200.0,0
153.8073627811086,151.16726117568646,150.25664778018933,0
162.05968090334105,168.79692752236082,119.48951395125562,0
200.0,103.2600441544981,94.42972029914891,0
109.56722816572662,134.78895690703987,128.60019028823768,0
111.885450045428,175.34986809002513,97.13313307377365,0
179.08190124474032,129.7321851710981,174.9155210712779,0
114.8062978465752,120.19915873730594,173.43501798546737,0
200.0,200.0,123.7295451833835,0
137.59143057720757,151.14354000538202,168.4194392540828,0
127.57635565677727,132.63245580170377,132.70636041129055,1
200.0,99.22888687577674,148.63157151675424,0
194.41544374303274,171.8803903884128,161.15866654694935,0
200.0,170.9740846115608,136.68119972881524,0
177.18133974826156,141.0372119829019,162.5461004595935,1
124.16322944835892,116.93309427278729,99.42815848597346,0
200.0,149.26351729072863,153.5242496396391,0
141.9598988714586,124.92431797555136,148.95143932836797,0
174.07369187389185,121.73719233380652,88.60820591255668,0
178.41755903321243,146.90361745614877,95.70929421805538,0
145.34969720727497,118.45828804019806,94.21429183119218,0
168.42238111038242,157.39946865757338,162.42920501771854,0
177.6662001469958,168.2397752821919,153.71878880614983,0
161.2927659346689,124.81102658480425,158.2187273152212,0
117.01797628247417,108.95264713984828,110.20864522475516,1
158.94714522618168,196.83838796867423,184.16921431998796,0
189.79157690061092,121.79189292128385,179.4852365945217,0
129.16296420805904,130.20171884692988,126.99110894930016,0
145.51096379016988,156.3905150228966,185.2818082936139,0
136.94539344835087,167.98108117566892,142.4723280965652,0
200.0,142.3104931893107,96.71384927969905,0
170.16884271037307,163.82382983103767,101.01915701547321,0
162.22385508723332,137.97041526310798,172.01170463565018,0
126.9025177666405,120.86488005526827,146.87853567993062,0
166.1774757387545,192.78950582361082,176.43674839361793,0
129.77002018027872,200.0,147.3488062580276,0
150.95491674823054,200.0,158.03012680082335,0
130.92461764863356,154.25419917460363,200.0,0
170.292998848395,200.0,191.90547262894202,0
167.29772449844822,160.67110547171953,137.01518194168767,0
143.75103733266016,135.68141188790312,161.24906174109378,0
161.88020137984935,163.99138723145936,164.8333632918537,0
117.20815473808483,147.16822480766444,172.8417350248832,0
105.26227221883184,120.50645448762877,152.1302641556409,0
163.1817510379361,123.05034085703952,135.1940444851489,0
155.00020486117586,174.0615521622155,149.89131548290496,0
169.05094310676319,94.6040405500598,135.59138671564872,0
200.0,168.12410221328054,200.0,0
178.3343846097124,101.11249191754686,187.22178716505968,0
122.61533323667524,86.36470665292691,143.89154943361837,0
183.5104886428756,94.83460188724504,162.84876782081434,0
110.52277768465436,200.0,145.03622207292932,0
136.15246185555873,144.11298105169374,185.79723407904635,0
147.95275184026107,152.5974954049626,181.46641549253977,0
200.0,192.57765137732855,167.05832498132662,1
127.65735533854681,178.02539245499173,176.13792808843579,0
125.20684384022957,108.25484191787342,169.81712424124737,0
147.04642426723703,176.07019028456284,185.22185561424897,1
130.0956514091368,155.5254379411064,165.93394119987593,0
183.7990776631952,139.74965707212357,154.5570158734357,1
117.6020547490973,150.7287274241334,132.68323129202287,0
115.57594042766692,188.39436061884066,102.84747787520453,0
136.865398657667,123.42100553877141,149.16454858479864,0
135.05902647923085,162.02657037312363,127.76833399787611,0
200.0,149.71028290401276,151.8002720087137,1
178.48262420777283,96.08506153813144,184.21465272561272,0
152.62653724155572,125.93240484807568,155.18474026321059,0
113.23693443509495,155.7964065970109,137.54994986671127,0
175.3308892920464,188.92026267278672,124.40614125415077,0
119.99353957831306,180.0399305204019,107.09594377728203,0
103.65686709667165,167.91637513210276,189.98416006072463,0
185.64089377056905,125.54173016590624,96.69926943212252,0
159.5082783577455,200.0,121.95650921306819,0
177.62576471342456,156.45721402918835,80.60394198908799,0
159.56182958829064,119.8090343496435,140.51575272750853,0
175.70491835708074,144.51285057429146,139.73146320718254,0
130.4692322009956,176.88745276068477,137.87116738111519,0
118.97271474646607,150.22852494954475,148.10610300070792,0
170.4478355484488,176.60594059748283,125.36204776746723,0
125.89771007478477,183.1108187238645,122.59033078533798,0
129.31350666749398,162.0159205379612,200.0,0
136.3340248944797,124.26892130859318,139.97811154909888,1
150.5243747707517,154.06363989569942,177.22975874840296,0
139.38018266239547,151.35497567816492,124.89686872041035,0
108.75146119745943,200.0,198.3818578425626,0
130.69144791501327,101.21034186519509,195.42546393023395,0
83.2979054332672,145.95532646716939,156.93056046651827,0
168.75694353081562,132.47719359615243,117.01405221091551,0
101.93827033179757,160.05316860587996,152.6100415718298,0
116.86849981714649,76.87306922401932,151.41913500123172,1
151.56495237782923,183.4477367847084,157.1887174226849,0
127.8131101082606,150.412454620066,120.65338151400988,0
196.29043786220208,94.65896509115862,104.30999591462117,0
111.21429270829654,139.16660595780402,154.87089112146103,0
158.01152608047548,168.2688702496357,149.69126050998844,0
148.82151545317512,102.25656373625905,150.062250657581,0
114.95719506776408,150.09666649329466,180.80401736552903,0
165.69829981595262,118.2757905659541,105.74518550905904,0
144.85361006333255,133.320449043631,180.32081147963413,0
173.15371653641003,150.8021514802391,127.70317379948045,0
174.70512461891195,155.5035076074473,138.1433380244982,0
200.0,135.87772505451818,125.22661910246188,0
190.09583848309177,158.18389168590792,152.68859573517756,0
138.9245448617267,174.53932821764417,92.82546375600218,0
142.8186246727222,141.6325717469028,132.95742839138418,0
182.98978787661338,192.94703272347874,134.5273036414394,0
169.65791192167794,193.86642512341257,187.91790607089584,0
169.20394578292775,137.13893803242513,154.52094431361655,0
101.49131867067497,130.86478330579246,170.8655493448891,0
149.27021626803193,100.0748104450148,150.17816443159506,0
127.85907272382934,146.2029200508183,118.53298885611856,0
158.39773797129715,139.09686659651845,177.21614604549742,0
147.05548831071127,173.37153660398974,124.63675973797298,0
177.30536724277775,104.71015181795104,134.21269977681726,0
159.51654645573907,141.6782582477067,155.462993364287,0
173.58983886326928,179.06233179333435,178.3661636834132,0
136.00742709792172,128.0892871332612,143.95846370151767,0
121.6666123224525,127.12915389817172,195.31574195949827,0
137.69850920392355,106.59178995732574,132.85564754843702,0
149.4893875841568,200.0,169.96767860863895,0
161.37455206665246,127.57580465803862,150.1084890285211,0
200.0,110.98959503344983,196.40015514637258,0
148.7322854501807,125.8844878790544,156.43218039782948,0
121.3216499852167,126.77114758539587,93.68061545831709,0
139.6205467290184,141.91830664646278,182.65005629428524,0
136.09212076061718,174.76116696262545,147.55354459978417,0
164.44444421320387,141.05030493012498,133.4081426679485,1
103.77608956666126,122.31530055009516,186.68894285762516,0
151.89785982600995,106.45984505426924,140.06074091911495,0
154.69519613896128,150.65572074659613,167.99960229487024,0
156.96543108600827,151.27617222089373,126.94850042106968,0
132.0805179310391,195.92797053086474,124.91609619516036,0
142.8623481079198,152.77343206409427,200.0,0
107.27817273052406,147.0297506614777,126.38901788211943,0
135.20040349913418,118.4803849023753,132.45687190747594,0
133.71415571949848,140.82142274704825,98.75037624396951,0
162.48150138784277,136.84576625896182,198.8994673202347,0
115.31452704534261,138.89507506458892,161.93994969885296,0
173.4359430512998,121.22233822078235,157.13338900357792,0
194.83453633474107,166.14988809828532,179.25415231735886,0
87.90044924959403,145.72663747471893,110.11990291997199,0
162.78776192334303,143.98939559985038,133.76859654240988,0
170.30724105090735,98.57861651853011,147.25686806251468,0
130.87688923343313,164.80932262574592,103.54586847814618,1
138.08184557013607,164.61045977941137,189.34281379049852,0
146.01358267239132,124.82611791473359,149.44712849419898,0
141.06627361794816,179.7036415163758,140.30134091233498,0
140.72961092858634,109.05725309752702,157.08676468704851,0
99.71988581010069,149.3439027363276,127.42253146989603,0
184.56994694349362,141.86377980329507,151.353390114389,0
182.38855776110464,110.48475633582618,200.0,0
125.59907222387392,155.69107836239988,168.14046090737403,0
106.00727016592458,200.0,200.0,0
165.63194629358276,152.0290269020076,139.3475063263224,0
132.726360905608,136.10934737672846,127.45293029607187,0
154.2585948996234,163.41072470657033,159.29110768114978,0
140.42014748564713,153.17159986401464,109.74885169727895,0
170.7461625321056,150.83286394876504,80.79126703662617,0
170.84247430968017,137.23373361685657,171.94777515066417,0
128.23207864609248,192.65926677877394,169.24014434916688,0
108.49908133814833,163.69090090442356,175.01553665259215,0
102.51184807994754,134.13988023193534,150.8450961956999,0
168.31138137321616,146.75988489657126,200.0,0
114.33422226647913,127.77399887387782,147.38015438827154,0
134.79550937103937,131.75126549755515,133.38105777628266,1
132.11057884648477,130.77822827429404,59.80503854978021,0
148.4229811119136,115.97065218833318,148.58502397040274,0
91.91160582460479,173.31830891303866,174.95633355179035,0
155.66335790381487,141.26875610180923,150.20583595618493,0
165.71673071502616,166.6238273498031,183.72665203340281,0
152.65266261133985,129.89622306818111,200.0,0
140.67341484904586,148.18912516822985,144.79949374868403,1
152.9220049880635,128.66878209626665,186.93760678779924,0
161.9713903692039,171.59004511611994,102.42442274459927,0
66.82221730720049,142.54742079884886,180.93957313069876,0
200.0,128.07379242145842,151.90471441160307,1
161.70279968063778,100.74890313570648,143.3582850495881,0
130.4277425283894,158.26999648022323,145.0980323998053,0
138.27139874437196,128.74844842985678,145.31089594984073,0
164.81225332047566,149.52662348637014,140.7359127196425,0
146.516881828969,135.24809675959418,155.96018910448996,0
89.07946596655518,178.62568742696294,144.77123597800795,0
200.0,166.32434257074024,115.32622563110391,0
146.6837802830258,163.41636262364494,162.51161666976373,0
180.605181351474,131.51636630029563,131.76396154831596,0
129.23850456646827,163.98870130650567,181.43959844376388,0
196.09131162737393,200.0,148.98519100282857,0
158.59031066676837,125.03441897549814,153.8107185996357,0
168.26531503426352,155.17017417687566,88.52304260266001,0
118.64239901559137,100.52349076748604,112.29959615495633,0
186.33435869048103,191.95686276376608,178.1884318052235,0
170.69454493604366,138.06263704227476,127.98549821921465,0
189.05538688694995,173.47736642525933,134.0268702300315,0
131.15737321075264,98.30315247851031,141.66180098195161,0
135.56918644617636,200.0,190.91227778482028,0
200.0,139.29385415923204,161.2241399340475,0
118.19952531835358,166.36971970410082,189.30793810149987,0
145.92150897965038,154.52454618997783,141.96756607406425,0
184.10674087808087,142.3358764143669,156.39528791299173,0
152.93174903144566,200.0,113.90269633872072,0
167.48861039259882,100.5586138090146,185.34093705430115,1
138.01652912211375,158.96140979976028,153.2594461108456,0
161.10167663542558,177.31937016689912,151.32387296388828,1
110.8041944479405,149.10431635090902,160.14946617676978,1
199.74392038854563,146.45487646900224,193.40376221760968,1
146.4550786461429,145.71936863779604,143.5651468053423,0
129.59465388009448,113.17090738768776,199.89116873264717,0
169.99149246095743,151.14382152284804,124.45432246788626,0
136.1784063783434,165.38152570417196,162.66553823907276,0
109.9722458579174,152.05797682441982,200.0,0
109.59847482607334,141.8317169656476,135.30555806224197,0
170.81319458070396,135.3082493288092,157.3576756033026,0
145.212796855612,141.62109992164883,176.32515188509302,0
145.98895320994683,187.73232652488116,145.8630090330388,0
182.3323141792879,87.40095061738373,104.9894017150701,0
116.19522573729769,151.20214369643327,118.32121922793131,0
128.07966741405525,140.16735248110749,167.42797766561503,0
138.45360572456173,193.67423855510532,176.74545959967733,0
152.83054767951222,151.66476676331408,173.5366600296299,0
148.73485646128262,194.5477679609986,184.39296041603535,0
141.39338422830278,86.28329945863322,152.15955584808066,0
148.15120793713058,163.78754714502168,156.2469951213302,0
146.78084171126477,158.4017358011304,104.43394022527411,0
128.4118683434462,191.71601901221814,159.5198686110701,0
125.61021034337767,100.75954173530913,168.38042356173293,0
158.2354907317182,145.34892575645023,132.5036611555204,0
123.27254751013416,151.98180785359477,169.32005096684733,0
115.27934222427439,135.1261351636437,95.52333466446528,0
140.6312324662292,186.49733141228822,172.5329879338361,1
145.2699895150855,139.83953443663808,159.00852970862402,0
200.0,200.0,200.0,0
128.858991724313,181.62533726816767,192.392566105958,0
178.29782174908485,178.525010910114,195.2094107567559,0
172.41565002613896,166.77896944172653,174.52191289104496,0
114.33165134388793,118.08913226923356,169.39846841745774,0
173.197589322078,137.0671098746773,114.55106055261214,1
114.48358079420046,167.18254100571647,139.94726098944642,0
70.22483286009778,170.3267110076315,200.0,0
168.18958573078143,189.2155153524377,106.3150665383073,0
97.32328249686842,135.9767697112228,136.4915449556061,1
163.52803385417744,124.19539845226011,107.42297757555988,0
129.4796730678835,175.77312578356592,193.52855442096381,1
199.78652388569617,125.71120271879661,133.02656014363168,0
182.05528197948027,176.19935508211236,196.33603097793878,0
136.39842588445836,185.99208529245112,137.58712518842106,1
129.36487166913952,163.68459107481166,134.87603759508787,0
113.57767790717638,139.27262904094206,188.35587566953996,0
136.77232103122225,151.2324667843164,178.16495179181328,0
141.5893351444647,167.80397758809718,68.51159072347276,0
139.05919366824943,150.30556556136222,163.53422369571598,0
154.70111565817092,200.0,168.00500634756878,1
167.35564493186635,120.27987208118552,156.29420792702732,1
160.4896337097952,119.91994237890627,130.27025988525676,0
127.07568228280671,120.69313839794025,150.85225333918768,1
106.86625578595265,132.31260232364355,138.05815557103008,0
190.93595544307414,84.63205439415272,156.33969082829927,0
129.31652446350188,131.11048719179456,143.928172114168,0
130.43119200194943,130.40145894216334,131.34215525283162,0
134.3643206309667,152.35542075522528,154.91311338913843,0
94.70791349530055,162.53401749618246,174.0731673055318,0
135.6607798787854,112.79350990776689,158.67017677186098,0
135.61032557976156,177.00162728292216,133.39072830206305,0
168.61074895030538,200.0,160.0876206111123,0
170.9537144732201,143.7514469071501,182.09377175576898,0
150.11312667258807,197.23113712426715,197.8621250572857,0
177.95545122342912,155.96968483215562,186.2265775247831,0
160.19894951403785,200.0,166.12140580077096,0
149.52953665192337,183.51850397064572,119.7262790635834,0
154.8278450489467,103.08286095480702,109.03341819237384,0
144.28039519255802,150.55882111984067,143.92856358842783,0
138.1545145789965,181.62974924712233,107.72445655331511,0
141.96799389318102,150.9163974312185,126.45645812818115,0
116.15966005589979,148.893494074648,144.89633085746502,0
158.41325115948888,188.09294250942912,135.4736873478329,0
120.20629167211258,128.7043745356169,140.16245831068747,0
175.24893792220908,150.52546839834656,110.15986118105671,0
142.51624259517155,159.70877293827357,156.9440027937963,0
151.48484944950272,139.98627118939308,179.89524153200722,1
164.8151032884287,149.39612688367387,133.55587596632492,0
169.29943395188783,173.25069789672511,171.7726603257364,0
102.88129774099642,162.9851286449998,200.0,0
143.79288971508086,125.738474040614,147.2456690959664,0
176.40536736242348,116.87628042602215,169.53630023848586,0
99.05682541703237,126.32693459230049,155.90310270262066,0
161.6184142618519,150.0374536736546,179.0887118767214,0
82.33307311793432,145.20180636728873,98.44050370163714,0
119.3247946909319,125.04127520348626,118.29129696164355,0
151.15891655520565,132.05548642450543,154.3039178421414,0
100.29854693034139,104.39882144423808,176.60887698475395,1
120.43467786947548,162.53561109651977,153.91572077594822,0
105.84494977609239,148.799438239451,100.0628024709707,0
199.44404796622678,112.2063796978419,125.29160170624814,0
154.92683266462,150.8586151256335,126.15881647208349,0
167.01870833558007,190.2786603153106,161.66975835009143,0
143.31974698454536,127.80192441104221,127.13883120478718,0
139.39704753728404,189.4541299716292,129.57578685597687,0
101.50577434046903,140.29627582549728,182.54242729913113,0
141.24487911756412,155.93484503549604,190.0594883039577,0
127.1552336456513,152.93252407266556,137.60175583991884,0
175.7377177287701,192.04570248015736,162.7470801704962,0
184.23305599972718,154.75301540356594,93.55548604405976,0
193.99736146722535,115.7429574238846,155.94981178066024,0
175.57655818383697,110.67088888676363,185.6993414938748,0
132.04038189231042,104.01236839709617,165.80345115772047,0
116.52309042118816,98.64089507717335,153.03182533072416,0
172.99989544935258,151.38405176867056,138.3407107958209,0
160.68878452416868,121.24876559320316,130.59623953225795,0
96.94384647968909,147.57565161168776,144.62752784418592,0
160.66445378231307,128.8842289202866,103.45676585291068,0
174.43559467463598,126.87647097880304,198.31376934894732,0
151.7677676754489,135.57463977381812,166.92631921184451,0
144.44838986971976,171.10756663930164,146.92688897360148,0
125.77054537150933,177.87435443306072,131.40585675517983,0
106.60395901309836,161.13517657947116,147.8898113952677,0
174.0089384802008,120.30532351358642,173.93384826788528,1
140.72656665684875,169.30893826360017,180.3434367365684,0
142.9960001536892,170.66689999823797,122.88927209802773,0
200.0,158.23941610837335,120.79413719479034,0
170.5350332057757,131.89138691942728,200.0,0
161.12475003843306,171.2657872610142,184.0977857314706,1
154.26185415561707,162.68455724029985,171.25559822484018,0
195.59984582297318,56.494302252026216,145.8406126884789,0
200.0,169.33356100233127,177.7206101478835,0
177.88515334438586,92.58771987415479,111.8030047250665,0
167.46673774193772,169.90684729774145,195.95305264605122,0
87.16190786381566,145.37782804725495,148.9268332578852,0
153.7116574270052,185.80835042247594,173.72584506476255,0
146.09679137418888,147.05516366382207,169.3865332468553,0
152.81859688156706,123.40157219831663,146.05287266214216,1
178.29138261967555,145.57939006251468,144.73900934707595,0
67.80968498431331,181.79418884801322,186.64749423827948,0
132.92063839589446,150.78739853584761,180.79492213747767,0
158.09713064822284,146.5699452038287,96.83306640058733,0
135.9946336184171,172.3066054652501,99.22782788830627,0
107.49281660621222,156.3107809988944,121.61338138931524,0
176.06890460690386,149.82217782500305,123.19363805100893,0
158.30615717538385,190.98180205209994,116.44422382238307,0
120.86686288666546,196.65342096177204,158.16331929786864,0
159.44451613547471,168.39978678986103,136.0888665859808,0
174.64757136149387,141.4212254554448,186.1837386528651,0
150.15877938898083,194.9073298056248,193.5863329655117,0
174.0169441029299,185.49358671995122,149.1395028750722,0
152.34780525484985,171.56691496584875,200.0,0
138.14313052036937,113.51770257762416,150.72642930422168,0
115.21738450800261,154.22015709923883,136.95628059750297,0
147.42207699085162,127.6898347589738,151.94357217881742,0
155.82878814137314,145.22963245336922,178.345800059792,0
176.27498284761992,157.20170787890157,101.56617081900308,0
146.5467759453832,153.0047822427187,143.74202033326634,0
163.72246818662973,135.74474682512255,158.92216980950613,0
121.06163958798814,188.18861246759732,160.89253995715626,0
126.52112532517424,99.11606199505371,138.94690970031266,1
146.68832102919336,171.90550593388843,164.66357227930413,0
118.36114608044959,94.27550185216387,158.76364853852587,0
174.60743511974044,161.47794410170388,132.24275659582818,0
163.8939098795582,123.39287021148374,200.0,0
158.3728729317736,176.3491127319759,163.18650618093923,0
160.16712375647833,152.5935757202278,140.0644994947851,0
200.0,157.43119135400474,132.8484289956468,0
135.93407436099614,119.45162023299446,180.88226754692747,0
83.95676143498326,130.36289595007247,153.06179373192202,0
155.97900590689395,156.2165218023286,200.0,0
148.48189377115003,167.5070978072791,136.92227631143734,0
134.4744287246879,200.0,112.72179184643132,0
120.63510421923691,156.6857496931046,149.16904623499192,0
136.82431434593556,179.28112576106778,155.25202376512328,0
155.44015287653463,103.29198202472219,86.44648096079112,0
134.91549898072384,110.10324415997812,140.7249445685556,1
200.0,139.33515676174645,138.94753675837214,0
121.18486855100556,114.077169130843,138.93709391383348,0
126.20647911876985,194.59197760399155,131.09322757108185,0
81.34139879956415,137.69343921659015,109.70422370734681,0
157.5445324506461,191.46545665179417,172.7411415426527,0
89.5078011660072,194.60347422256893,132.48477468030973,0
133.81636099876496,151.28339159650702,119.28895642797437,0
141.72988396318328,165.05399261422917,127.20197196546277,0
128.70816102459335,148.31701579977292,135.83030280759135,0
200.0,166.15311001063617,153.2594137413908,0
179.83183173946497,164.50025555341716,170.05016959081465,0
189.57410628904728,146.29051122323906,121.40461505954787,0
123.52743544350244,165.1490994438852,135.62107807336702,0
183.85782193543704,200.0,109.63476815940076,0
164.88002839031887,171.39048689132812,48.231000197328726,0
173.14217846030536,159.77398840921876,154.67381792194766,0
180.88316486348302,153.74308563129637,195.6001055250223,0
122.7371026212284,119.61980628694226,165.66249760058471,0
137.27047137066296,119.18109368773612,134.78820131571032,1
175.87788033985353,159.70069594440776,152.89437427815707,0
70.33142721075201,108.91826627858529,114.75539697014815,0
195.39984247719616,127.01017203109251,146.3312292590226,0
166.5939619262275,188.445340210924,137.1687224082727,0
148.62888118019296,200.0,124.41857303797849,0
156.6152296727152,100.02131769606845,162.16956689413962,0
119.1019415007307,198.79948686904746,200.0,0
139.50169906232685,143.6568512746333,199.96348519304144,0
183.0085301466112,149.54984738905907,147.83780936033713,0
188.94065916978664,146.59765108071798,176.52343964147585,0
200.0,182.41632381076462,175.88122302208876,0
147.78226001158754,101.76970262870469,130.57385922942544,0
130.2434109958499,163.684908340654,169.31712220501845,0
134.57298102180033,121.65389407835967,106.77023704481547,0
119.45874374137905,167.1236558814472,125.84104824445254,0
147.66435732177447,196.28389014879156,157.16258611218393,0
161.48197290036805,149.9874802076214,137.55637012928622,0
148.97273158404138,161.22465257912407,200.0,0
182.89040536997396,162.28655334713073,169.44121303666037,0
142.9735259596639,126.01219500988529,138.53885636502085,0
139.5764804250431,195.34918049652956,135.88260860659554,0
132.56194569419023,200.0,155.6091182463985,1
101.02096421296514,171.05350116351087,118.33406134073452,0
102.96696827074638,152.19856296022937,167.86835859883647,0
114.62526208086936,136.14318553937147,108.74094150163573,0
189.04284214994283,131.20529330552736,168.6903058788222,0
176.8578081866979,200.0,145.0621580405876,0
191.2489219917897,192.43245128187073,162.43840554273794,0
110.03365036216495,148.09015533631353,119.62242223986108,0
90.9412593064194,102.6020841098663,157.3495562126435,0
130.1983103959775,65.03964390273039,200.0,0
155.27456859888085,117.4972001920716,136.28349742618005,0
164.96070824729483,146.0813881201464,159.52199580987073,0
181.4391646790416,192.02067103329006,195.16700849271925,0
158.52839012421643,130.45031372826656,172.85112434580404,0
200.0,165.14446369021505,162.95656452433892,0
143.32182957155038,189.09542884945296,119.58932182436425,0
122.6076234587461,153.85608950568144,111.67234883110049,0
99.56345353516699,145.72656393633477,151.60297322047376,0
123.3308592571365,110.73709457284176,136.10292434060395,0
157.26353882955368,113.92574075386702,149.42825358674128,0
123.33839227939107,162.4829890324747,156.1697002205855,0
178.10227390605772,143.9727740039722,129.70716483471344,0
192.3698311811233,153.67593952959905,164.82309078041757,0
78.91239284320191,148.5816685291126,200.0,0
175.92156901492945,169.92432148075952,119.71977037858669,0
82.8118782401479,126.45937765711665,135.91360924437268,0
162.04497165270863,139.93258069250498,148.51168023960005,0
186.7461169258098,200.0,184.21379021821775,0
151.94568319030728,126.00641584842688,114.40853997954895,0
111.60932480387282,141.55273707599693,118.04555686847755,0
132.43706387166682,132.3183989406429,85.09016961550914,0
142.15063662867297,163.3434408722175,136.78913360358453,0
144.5326564863017,180.67176967326208,170.40437298065498,0
143.913094777,135.0536514424167,181.9567412693442,0
146.7035166207206,137.05756976685944,160.71460983923194,0
156.40440146730506,141.6305518409091,131.9712906185263,0
113.74279038800336,165.89501350424874,171.1941484110712,0
142.7394051038934,127.81814092469413,156.12955771848345,0
195.54783511067114,138.72120102086222,92.37883203210211,0
138.46063730572448,78.83418385460953,113.15715502153384,0
136.68491720534408,108.54764971515044,195.3559591558889,1
182.34591911142712,146.62668731942136,159.66615248925817,0
73.2244600096771,176.93592519609365,108.7561683447426,0
185.44135803864856,158.85227349905588,174.59859324185354,0
131.04288725984497,117.03694629998103,181.8430487928792,0
154.9178571735776,107.99231375616174,136.94897911620924,0
152.8896406776359,155.24040278694505,169.73046289160357,0
178.2740435766118,100.4158907324147,37.79698086144663,0
141.97215761293958,181.97780456150667,179.20730385564474,0
129.6592265530665,151.91688574950535,185.25466175759624,0
188.93537371953295,101.78039522297826,116.25891855708801,0
79.0747854857646,121.0213842347439,158.46256198545913,0
150.6100254511573,128.27066042306632,139.85638370857683,0
109.56223732112639,126.80422469329685,146.92411557687518,0
127.15279835230324,105.30200975335524,137.25358666394794,0
200.0,123.76012434033464,110.03113599435537,0
148.6621372063243,129.4679533157872,200.0,0
155.85209091454144,128.66142733168687,140.6906745126235,0
96.55311432883227,183.83869874800143,153.1426513278669,0
128.12866023615913,153.14483408481644,119.71798259245705,0
155.89672202186355,120.20228347687343,118.8939851662696,0
160.64273079339654,139.96135182137633,162.377952452265,0
168.50659663179837,123.61328708065847,165.7917624045334,0
150.2588369675273,140.9998002296473,176.33772507974234,1
165.8101262536398,176.2652745942415,183.11322007481064,0
163.61345737907052,157.56812341836377,143.69377378497714,0
95.10778766986405,200.0,136.67390808021153,0
151.11017165730448,161.2778227730244,172.404414985468,0
173.0370722319811,122.5921647006868,130.87682389708695,0
167.6963946220356,174.29222192443342,176.15275487693486,1
139.0842357008763,182.39793651427607,161.23500861726868,0
125.83120477381897,182.8250097433183,184.6507930375049,0
116.45064227035104,117.17277140894726,170.11175066543493,0
146.06837965375763,145.57087756455488,118.3666252832652,0
183.99239638679165,183.95435870485358,124.0309907524192,0
91.44587695555194,99.45813123378176,171.97455891022165,1
130.20324810811508,135.01749716933884,200.0,0
115.80592633719678,107.19186943719026,110.31564897650945,0
173.548725637215,122.0228931030896,150.69634812975818,0
133.37071120286097,119.6262854176858,158.45023672441474,0
135.88087025535626,187.51709497630304,104.2266746440336,0
143.49151290190053,142.9638589527375,164.3437498908904,0
163.36179752684393,124.09933255974653,147.20631623857687,0
138.2283300555109,118.93182805846516,87.10327556353056,0
58.6157083560022,154.2500149461459,198.65183934748785,0
166.2993567416256,149.66593117978,124.10375342786782,0
163.17128873016128,190.32223124020283,111.52489757114874,0
143.41376915006362,165.00050087571907,162.60424866635083,0
117.47890137984197,107.04606665804887,166.7246038771469,0
160.55340332044074,131.13057877226194,172.09234211088815,0
161.3770660060676,182.10217536212932,138.41989913372063,1
135.89901351897376,131.36751906895867,149.6725698632727,0
143.49805588273384,200.0,128.07579710478404,0
122.09530492427037,117.0513170602576,110.69408083103376,0
144.64232723738013,167.1784005912237,182.37391947162706,0
103.48711964749558,124.16353339804076,146.91711944946618,0
162.51956463095507,134.71214601160926,144.5305723373113,1
121.66894527527118,182.9574494469344,90.02197224014003,0
157.14309443496936,146.18798511484448,144.64886687158992,0
107.82111251196302,174.40356735342323,124.72516508725653,1
132.29827062391382,164.198717847444,144.7615904055055,0
146.68531784802215,172.61597050686902,143.42267544429382,0
100.1790056439221,123.3543536674346,136.60605626001112,0
153.45443619420277,143.35276805387997,178.16515928733418,0
138.62557311360231,162.7275785430261,163.4116245697247,0
97.72931406572309,124.52781381919019,183.8146354341464,1
110.90271737663053,198.88500129696985,110.25517890120827,0
168.153602522465,126.68315873534597,130.53132217656554,0
176.86667956653972,140.99989269186614,148.7915754503314,0
146.042740806601,119.80322805617287,137.80083090289696,1
162.14285436121492,85.70075804283934,147.62226823509786,0
156.71530689938731,200.0,114.53689802075031,0
159.88868946383215,143.8698318929086,128.51465828213279,0
188.5795202124088,136.5625548475338,100.75338135443963,0
104.79004805357184,144.03854814987605,123.29923344680283,0
170.29382197084868,192.59591916589306,170.8253016117604,0
138.53973133266538,121.04680175806749,143.57379345702148,0
143.27223197245078,170.38703597295248,195.17259716272525,0
140.9325080863479,137.2863525435157,132.13398377082962,0
138.7455865001615,132.09987433385072,153.57213242616987,0
113.21411424650942,167.01174637560547,113.60243009542745,0
155.50017597772805,179.6472172122809,200.0,0
200.0,134.58291149160254,144.64138203898628,1
148.31600938653727,126.9345252097557,174.88889520898246,0
149.95844871794714,114.92712758033919,162.4015506260146,1
129.38102888530008,183.10511300185127,132.48363555482172,0
146.47576360745666,132.74232015581646,110.0729615539293,0
163.98499278102094,94.52607818173647,154.68429373616422,0
138.8927267788697,192.2985641518844,133.2963076691,0
136.38587876843997,108.90421494141174,145.33487095524805,0
162.0979362048974,173.38381593777183,169.53906176392147,0
122.45985690542864,155.50285940002576,152.34723467521138,0
157.57489881230617,158.63746296645834,161.31348892105785,0
174.60965391784265,132.46874174066033,154.50139728167315,1
190.79845625038453,160.9677438067391,105.98252002048477,0
147.28853978169158,99.96660321347288,191.88186587104016,0
191.0279171942014,167.64113246219438,185.2755688930426,0
181.03229659444554,196.7103012459648,115.91505437229847,0
120.11362078886802,176.52081592278978,165.15901834281513,0
113.46184465220547,89.41379743839836,130.13927189514428,0
140.8510908643674,120.47372993181455,127.59250988810189,0
180.86806477784563,144.3661523407558,149.85475015994857,0
147.83138977319985,164.60811914819797,200.0,0
131.98027327026634,146.80041979019325,181.73872684445655,0
196.56729540145682,135.20356838668508,168.15664074995573,1
158.60713464010038,167.85900923076878,115.48183092737847,0
80.38217172627775,184.924552986749,200.0,1
159.51481878878067,143.03117978440207,176.2119313698203,0
165.60121843712602,171.8678960215572,79.53487740254666,1
156.7682596341331,72.62847764431577,161.98423005625475,0
163.49136300695977,121.87471841673812,135.3391585224575,0
147.98173173231055,140.3622318882597,162.29947067846902,0
110.44812391065798,135.34301337736122,162.0192110042858,0
138.8788799033864,159.98394652213364,122.44442770589686,1
121.63152613331125,180.41251642494782,200.0,0
122.01777267616866,165.20007078085166,155.99353864258273,0
112.10794952693175,131.33323584734833,178.24043719531227,0
163.5746727791894,104.31695728487442,190.5427069424461,0
152.9368843623788,166.70892361736662,127.85527206144042,0
136.55503911957877,94.85469780989963,122.6469454558043,0
130.51986216808837,169.59111850219284,183.657220465433,0
149.29730684935643,144.34652753609797,191.7851229827057,0
182.37584184337467,114.72495036185313,108.68944287626589,0
89.87352853503255,158.6177193740038,200.0,0
161.3062956255268,149.91371692022997,142.93490056998442,0
133.62864077946654,148.9020812125126,170.75353585537152,0
93.46242465061657,147.47330110417818,166.93164627314178,0
91.62890750508123,162.58572325278425,120.85973040500019,0
122.61649517594125,177.7330206587553,124.0785558315832,1
156.58528667379136,164.89845595451555,87.49222982115225,0
161.79188801940273,180.36399569466928,115.46549593120318,0
121.83055281966645,148.67580843456582,105.52572117772128,1
180.51062974239733,198.55377972695925,151.20571547310882,0
192.6895048954832,167.13329466389467,191.08206458166245,0
161.8825975486968,133.6891791095167,149.18565208000575,0
132.25791996575668,117.18314829796785,160.1656248654821,0
183.73257553531104,156.1739041120224,173.34010630103785,0
172.66187086990016,110.80435431232198,170.391283230609,0
176.02222234064755,120.79872097329755,138.42505499665495,0
130.30608975085406,157.17261241120798,106.099648174995,0
64.96336484175893,131.7633766115414,137.10583469878048,0
200.0,122.00051279319233,151.88878065791715,1
101.67364789650199,148.96574861734805,123.85064361687571,0
148.92695784419337,152.1803369731137,160.85882132103146,0
200.0,143.82497924343787,141.21863712173572,0
159.91730268823122,138.67359242822135,168.65464582532678,0
178.47739420674708,175.63928186137346,125.90281571445524,0
104.92810291854862,160.27282053860483,122.34097022071849,1
96.6699913579888,143.29721663415913,200.0,0
134.01891624061335,200.0,150.86268713141058,0
182.722492033035,155.81495210785238,166.58891548186608,0
139.6125165705807,183.9601540103199,117.04733241323541,1
126.16091036785504,133.17056990604732,138.68206633553623,0
155.93901869834903,109.11177158375972,170.46508448422844,0
182.45805655431795,126.24730453069607,196.96847578938255,0
106.65179402779884,141.95970649805665,128.26544775601366,0
113.68371017629946,135.1017537081145,125.912477656831,0
126.33992236471902,190.09158546968382,149.31993178966957,1
182.83915124136274,146.39876633711677,104.26814550753414,0
157.04464577846196,163.8440663232342,149.0960008056712,0
200.0,148.6055653190133,148.0581484615382,1
178.09337177493347,136.99337001800498,171.7424745098778,0
148.94714469390988,151.13988040360545,192.43829228066912,0
187.95233514266297,200.0,167.09532953400273,0
156.34491038195634,126.96154224789555,172.24653152879068,0
128.85235942477664,173.00971351678655,151.56836853402905,0
170.39924532735307,119.21978245122654,139.20766270571522,0
129.1102003841675,136.21120673191683,90.12069392529708,0
141.288086975884,150.10749617863752,123.4133754247615,1
189.8334808787395,159.79125269180972,156.5180005407999,0
146.961555413478,194.49385883921443,100.63218828630025,0
125.90575837975115,148.49752075606395,157.2866946834981,0
136.06986925693525,124.6915318039222,137.97495869196146,0
180.65371756766018,169.5012591915231,119.3532044225493,1
133.42377979749813,139.07490573252733,135.8992705003499,0
138.3938745944806,157.16044712795505,171.86344563784797,0
134.69121781099113,146.51332681386745,176.56503328858432,0
155.5177648302093,91.69629446139533,91.88935777652281,0
138.43530718873174,165.2489755678192,145.5154796355399,0
101.94491853082388,167.50104020463897,177.41653974850522,0
123.3845717446488,177.79814304925816,142.26315421171927,0
122.01632875480685,200.0,153.2644581274264,0
187.29958153365465,114.14688679609573,105.13767374219191,0
174.38022126327127,165.4952233284528,135.59899029545113,1
167.61778138199477,162.27884989922865,200.0,0
134.8392504820677,137.42754021576533,126.35795896453953,0
125.52625374018086,161.91318709349338,106.78102970411948,0
134.7744719502793,164.989408653359,154.48415275675217,0
118.44359692344977,113.4394851006841,173.65887999197216,0
200.0,157.38668283829296,185.8143147187577,0
82.64035054885794,122.46047081986154,134.46832073624188,0
166.92025605221428,130.44430500208227,156.6742672988616,0
111.46343106022418,96.75765554434051,166.3306463485618,0
146.86969525515923,135.79917223492563,169.47631583502636,0
120.35994172518797,143.89287985579568,133.58391767971366,0
114.67113112552107,166.49570601889172,200.0,0
115.79411097195114,150.02699780013322,129.38108932347808,0
200.0,103.73135547600964,171.23616476079405,0
146.01034733071225,175.86444170652803,149.34266291563424,0
127.0289341656574,146.44240129349723,132.38344307926437,0
166.67360892248618,164.65111771288971,130.71446103112297,0
150.31047943698897,178.97808355379104,132.409592672393,0
171.6010127802496,192.67814246907105,136.5938680484011,0
95.2723003218651,200.0,119.43343201932272,0
159.10811713386005,147.83283723984997,170.9222910963531,0
173.18084511307146,159.3337333828096,128.89454053139335,0
100.15205126656309,117.64916727549661,131.54937453898518,0
163.44585853269936,181.84800510105782,164.660717736247,0
200.0,114.45337666284692,146.76114170599055,0
149.55426889935893,95.84244934108736,107.34289094163265,1
174.64217811074434,174.91158016021174,121.919715043672,1
170.11711350932728,134.34910425156554,144.1032826673702,0
128.77482907468269,173.32821844026722,132.75036487897597,0
151.19300203759485,162.24223948038505,172.5144761175912,0
102.99015867415193,101.09992046928875,127.06793913027562,0
136.46090888692422,68.40961907032157,120.98618786870365,0
157.97063924898708,117.10194758721843,119.68361373664125,0
171.69301481213395,150.49474460942594,162.19971740872919,0
150.73836375743736,113.34670995915684,164.504151782572,1
171.59951190429496,130.41715651953862,99.82666237287359,1
116.9128136113389,106.23177808208024,168.66225589554307,0
146.94908176335386,155.09633879390773,175.8291981148784,0
150.5783815353923,152.72477781108975,99.27006714572853,0
200.0,135.558221278571,129.28705711917118,0
143.57500031399746,191.9119590394123,192.86677273073929,1
135.02950086017452,194.9314508195869,180.18305118075747,0
150.64053671530647,166.95801607609354,150.74377977753127,0
122.42659665390168,96.00686455599767,165.03748188868295,1
155.7826154719565,116.85929558383171,200.0,0
139.04834350361227,162.21390993249744,165.08390920357866,0
96.26017355876449,131.1432725926623,113.37573415743324,1
148.24240346598418,135.3872570486453,190.9481699880248,0
140.47370718209402,176.9690218376418,123.87183328126144,0
101.0273009379605,165.32624465677253,179.81706707543503,0
147.98597536156436,189.42463301441848,169.68811982870668,0
194.6806788622344,137.12372110060568,176.68540659017285,0
165.63911244827142,191.25676261340692,196.22798926227472,0
168.35781578193473,133.37606258746544,106.02257014476143,0
109.75509823250871,194.9847447041629,147.91234335183609,0
164.30695106766666,153.17503930850336,200.0,0
154.45348744140233,124.18470758671177,179.29145233559842,0
165.87135715003296,101.06341477039402,155.31475012023938,1
162.67885865126476,140.9558305541492,119.3048060991315,0
109.2065782348856,142.31301906013684,153.20161478855874,1
148.75797565326098,175.72985730367355,122.64356104367965,0
127.26387418724502,146.68228491575377,105.94899130606723,0
148.49747717145533,137.02704064264665,167.29436109175657,0
123.07797219294508,182.3111241884261,151.95916816015045,0
189.3741110142299,143.25520316189545,126.79461591717866,0
124.23082834666974,132.7127455131929,161.84844566886744,0
123.03173530603392,167.23826751877718,134.88330336635553,0
152.2375921963066,135.305153434582,200.0,0
117.68702791788016,169.76406425074538,149.08282666890125,0
137.26010092701404,132.09248664650417,197.31264637410288,1
125.10106207386114,143.31122451088862,125.61593697483329,0
192.33516191668835,154.565309267648,168.40047496210906,0
173.57411480493516,138.77621039207082,200.0,0
148.27591444603817,149.5964559192783,158.1327294664758,0
138.2634884347795,174.4641590772018,184.09342881154544,0
178.2275284372534,162.31805373960142,97.85004395476048,0
162.15612240968665,164.42909550103872,171.21404232962783,0
164.9415721404857,130.93708684142197,150.91158394394648,0
149.2142328796725,175.58489304823104,172.95005932153524,0
99.35309916685704,170.08687021527248,176.02995654039336,0
146.6260205232134,180.13257576784875,82.31249646568743,0
134.02530242372796,128.20902503441692,136.691917811817,0
169.35165820379632,144.82624209955628,129.89930158201614,0
180.35527298982566,169.00601707381202,154.56492570017096,0
130.26146865716493,131.73554647748605,91.78399808490849,0
164.05155702831155,143.2163259070813,117.28473997554902,0
200.0,200.0,180.05762110583004,0
129.96861838288322,200.0,155.30677338157105,0
200.0,187.1982164948208,117.35956375750058,0
124.42242458488059,178.15755408749305,142.40347898833596,0
150.68879266823853,119.42246551484611,182.94819173177535,0
149.66563164474476,165.37686694278366,94.81299642096057,0
150.34496699610187,139.22650214802343,143.6571415937322,0
124.86965874276164,118.24284307183896,143.11010270127568,0
132.2645068870671,134.7298248422604,155.60938243407142,0
129.96839140921801,153.4699522213904,165.11338398503653,0
159.80887786213373,133.57933277104001,200.0,0
159.90105343530934,133.4760172287948,166.61343583279833,0
200.0,173.76124495268922,132.37555598017326,0
191.12967018873366,154.32319455369696,187.7384982883779,0
134.70470273584561,157.00374238986953,124.23994805706215,0
159.74608847388558,153.35617190688896,163.08561286025082,0
179.91353942375278,129.72890569885047,197.14389153929167,0
150.91805473015555,108.88284246117935,182.31944644103007,0
147.91075264659193,159.31694131261435,174.3326902996357,0
151.54724828309668,134.7889010362367,83.0538708383471,0
176.01829886425284,89.67653194242367,146.9699244808387,0
124.55038431584302,138.22298226104542,132.37874800352327,0
140.22991593539479,117.2334617597813,189.74604814436162,0
164.11299434539444,170.95950702923267,175.2194543441428,0
159.34341214662467,165.6487568172102,157.83318544688873,0
157.18748279569175,164.90679434515408,173.83324944903651,0
138.9059650108859,130.04875145523926,130.511505404639,0
179.1760736742761,171.94654745586462,169.028535311506,0
200.0,159.58949349402218,152.85007987424498,0
162.1924648102862,137.70436384680542,99.50379578955547,0
144.20469895350482,136.3998770358445,160.3213841398477,0
172.67220866683627,176.78124458621102,171.21474091899805,0
133.8260208974103,135.79187829109026,185.802437554219,0
127.5092896589131,159.10969420578834,165.8216558269502,0
150.98426242841134,181.0187096043835,180.2011177176701,0
72.51610101090166,200.0,98.03018003750176,0
115.38148909043971,199.91619373313188,138.79763511449033,0
139.56114432237462,177.02468292627088,145.72468808759493,0
109.3983342555686,104.82265945285839,140.10772905712446,0
119.02070694323612,129.32854711746086,147.328736415105,0
136.89754987625977,133.55738437582394,132.67811253783697,0
100.71104119408173,199.59449497695962,172.08496437735056,0
137.81784611220505,129.02046177083727,120.2638335458255,0
133.94189506401466,161.58499131295108,153.75523835088853,0
150.7621562515505,153.02601189771934,152.19458139520495,0
184.62552091482058,121.94618371687368,154.3181170313861,0
155.17513249478597,161.4547202885815,121.56827046824802,0
150.63186064026192,161.94888258592476,191.97689774056053,1
152.98363371092134,112.32675354775495,143.21628820936397,0
156.82178325363384,186.6863234116023,106.83437505459648,0
119.49784054170694,87.40469913434437,174.03903054891083,0
146.55674025687605,132.27728541270113,149.90005662198885,0
159.26253725509838,179.15910881596727,147.09175327027722,1
108.87720052370818,114.20226499577882,147.12385649846996,1
175.96958768447558,160.5079775868609,161.86310891790868,0
182.4412810337457,111.1091883517371,148.4027087361626,0
131.05872034651833,147.2092756666733,126.79501252516626,0
142.75986625640687,80.586806604834,107.42443476319067,0
123.65428971569781,124.72284894860977,159.10355797783888,0
170.98141450763453,103.7123565853713,104.45379884431696,0
118.16333137662272,137.947087736205,183.5912317574661,0
143.3256896927124,137.54305812535029,121.384171147375,0
124.23240276576985,129.7900748607258,124.51157934102463,0
151.5286283103387,173.93739589700238,120.54300920857862,0
96.17312185530837,123.39361188385686,109.10766995532884,0
189.7938492709708,169.03160019567153,126.82204321012519,0
121.06180727381208,198.87827309876585,141.49123643230467,0
151.79684049348828,154.17192450914047,80.1718787189655,0
143.62430865689072,124.269893862738,76.64317527663896,1
127.13656464232506,112.51984455415374,128.52405218029475,0
123.36659590092194,128.70644699641502,176.50190527368198,0
178.0919563065738,171.13928162249672,110.98680430199752,0
134.2307822069418,154.66772204906692,147.70982747764077,0
158.13510553911934,178.10385648761968,192.91670446739892,0
125.95509343816876,173.10992637981636,110.29774250328357,0
130.5845570445672,154.22431955634707,136.84931501499722,0
164.16741450263547,164.20464784999388,127.70542556433703,0
177.9122548833335,200.0,176.7590274599369,0
144.7405079301894,192.4696867852404,163.91618295685558,0
107.3424038507869,140.9176194928724,168.52982540204363,0
200.0,179.6903832580767,200.0,0
124.30352075297371,167.57552417453806,198.884256684272,0
103.75237800984638,184.0916423261922,147.028658949288,0
200.0,170.1484971610773,143.94024134225518,0
137.8790311844719,120.7749769487103,106.53522333990693,0
106.14801935215775,101.40946303881898,98.57505937702365,1
129.49680699633956,167.17881051615257,148.5107528766638,0
161.02634688066806,200.0,111.01813609852425,0
155.7093467278182,126.73007676180089,168.76066288148053,0
124.4481240823923,144.3573078585105,126.24842136831509,0
200.0,118.92756821414362,132.51169816485069,0
134.3526096601988,185.3348851411698,103.41958376822508,0
114.45940228765343,80.84499434869439,200.0,0
178.8208019538198,82.09019096892574,172.76488647069306,0
189.87188539619046,161.25059759460459,128.7020927679125,0
125.47520707151321,147.52969059625943,154.53441096438468,0
107.95958120882068,135.6113095477858,189.69273923943558,0
180.91314802246814,140.96715640429758,122.16524777319277,0
88.58029160826115,166.10963743369086,200.0,0
113.20135021810154,137.58588032851006,119.03475316761619,0
179.02338450150705,117.09225084800659,144.6791555018551,0
148.3394235593283,122.179112157811,100.48864813058505,0
142.08187954221935,176.6501658599053,73.8446662183612,1
160.58449819483135,134.2577413511334,180.30272341607468,0
145.41676729363775,108.44167248698406,152.57106276040182,0
111.0393983351073,153.06534980831913,97.9841705905641,0
188.28226038018562,165.14984165340033,100.78196384610176,0
189.75042158660446,189.8688224265967,184.36084198970747,0
156.1599769133388,156.53710161365007,145.48214674431836,0
151.3540204629603,130.2086625837099,192.94329741289735,0
200.0,164.22023601831089,169.09760304708908,0
141.7070146495249,171.81524610061308,148.00311457338486,0
142.2126905449788,148.8328408000858,150.96989942304768,0
160.93443747721517,148.6620182182328,133.34779058260057,0
194.13965868427016,157.80398714816303,152.93358327687025,0
197.7831226325245,147.90430505231447,148.17045053970347,0
142.24282104969686,157.50341720649376,175.12550017976707,0
159.24993737878034,119.34260026719215,145.0974467677176,0
108.65749598807768,115.48686690544471,174.70666475606214,0
140.64071676251362,124.91665861497694,177.61896872324684,0
124.7912881356208,169.2663282998828,155.4228782094714,0
119.79504743103048,157.76392702021826,110.61094998002449,0
200.0,181.20716892748675,145.1856988184315,0
126.23140014581566,144.3992723365617,92.81776062041496,0
134.05182275965635,115.69075812474452,113.80135135942592,0
160.97546363750575,184.33660605853674,171.91254999480907,0
188.93475800920757,149.4369883338032,164.84678368282604,0
164.43345379166507,188.50365108799576,149.90373364695034,0
200.0,167.93839474176542,140.9270052900772,0
147.7599606524655,200.0,127.81797161339155,0
157.76149320689237,143.40681042859913,134.61563751174467,0
158.2680202195217,177.02171715267542,178.95754551822014,0
193.05148160367463,176.74092319058832,164.300377720795,0
165.21716853328846,133.3462096351665,108.86350519377982,0
146.51310898838554,144.82553048679117,155.96558527693665,0
121.57534215279361,106.1478497334983,154.19888489064633,0
157.33330367884898,103.53611588992003,199.46020420134252,0
192.04034493875878,153.79706404592324,97.27344751547713,0
137.68854619026388,173.79021212092283,126.5061138271026,0
165.86830855249747,169.14072100486365,179.2087750864933,0
157.3844336605453,160.20073794778958,116.67203326763274,0
175.90558975143944,175.89051459453273,200.0,0
125.85738778086392,132.30906612902027,114.6316733363515,0
200.0,141.8240175453672,150.8736643565737,1
111.62516678915225,172.12564540241647,166.78642673864996,0
139.0334673004189,162.993561883468,176.43111427584736,0
178.14277622716938,143.69433558609714,171.45625454265138,0
158.9019951748234,189.62383158383744,136.13767391143276,1
174.8995847724331,111.23996246858619,177.39621016928484,0
135.11692998052314,134.43963938134223,127.36042536606917,0
147.75585051958976,141.49806676631243,133.95068572011502,0
150.36695950916453,174.4960463932131,163.69927383524256,0
197.07778843607713,150.07155593745705,195.2873087376799,0
170.71287073149148,112.15524759628155,143.15486287769136,0
173.90016325094015,165.42012539448191,123.2897540293448,0
130.26221722389613,182.62638946400682,186.29315721939687,0
179.06647915689152,172.1791359939908,112.0559990250216,0
156.7674499070641,168.57464764816467,200.0,0
191.67435947033783,93.77059509776795,120.4775193462533,0
200.0,123.00340569769547,169.2284534046389,0
140.79702671918986,164.46241826016603,177.80073676573622,0
137.81090608664812,148.35335445736834,173.55102163388472,0
124.07865026692892,165.67672805996435,156.81007912919912,0
145.69261464851039,112.00971969111137,151.48588655603962,0
138.53923653148848,148.1551570714534,100.40458495817032,0
160.7851319871303,108.3065694331138,126.57541086863012,0
145.6629954919879,91.3896431214178,171.73934062066735,0
139.15202157655142,158.87337265520662,169.90107499852215,0
181.93755408383555,175.27766389370942,118.86356083167081,0
121.86359306545646,157.36849283705328,160.40937059685243,0
162.99323859454032,149.01010559206003,157.5609296577038,0
137.8217481843455,103.139569745122,200.0,0
171.73105514609892,180.18321201292642,137.44796520791135,0
191.55784640166692,148.67865307872177,134.4042819559106,0
140.90705239727782,200.0,122.29671095021548,1
163.23098721819454,178.269429248309,120.02164587541786,0
155.36378597199538,89.84623720043555,161.2484508468327,0
126.0173280137071,172.65149040767665,128.86976582763066,0
157.22362529225816,108.10394287280528,182.2411157391052,0
158.67361515836436,127.21513528712808,131.1810281605632,0
162.38612461338525,142.47729969719552,196.0198702561025,0
144.04803309539864,147.1781264891219,162.53176373769327,0
152.8257690093044,161.926956468524,157.75150879199552,0
115.57167165470594,119.31434877587358,115.48714311499609,0
139.2565777356043,115.4792398723006,159.87342558597007,0
166.67888039129394,168.0181560519923,151.36565929570278,0
176.77421661994592,149.6024919619792,168.96247810128787,0
137.33055527624188,155.23119146104577,134.67458105224813,0
153.14142088299852,84.1894994491602,106.39110371081057,0
156.84159975372202,144.6858785005403,158.25664796654718,1
156.04439840113298,123.27812450815512,154.1936174009767,0
166.2232075590117,122.38120880949393,157.31677081598235,0
95.45767108849292,177.65804412673734,180.1695048743005,0
148.52027789557283,117.12986313082463,121.81078101613107,0
157.17100803740294,117.21310181021909,78.54749586914812,1
119.99008953138883,140.06968189794762,164.25081007040808,0
200.0,163.5086649194203,162.1773756060931,0
154.84677801714503,123.47955810755741,135.68831082541496,0
196.90214235086788,187.02432107340184,155.1179460469166,1
126.28430934500769,193.49542576083655,118.56657570824301,0
122.78099635424019,123.55658800594608,86.81408364010417,0
156.72756662897046,142.64754733269433,99.21265654843165,0
99.6393491151403,126.63973582027161,151.27083419631072,0
156.4489677187828,99.43853685386318,191.48131244381148,0
152.91657696008755,159.09033151368473,138.31444835084721,0
180.46995844626304,172.0078460468811,174.41813730501974,0
171.03124023495292,200.0,132.1700408557629,0
137.475679503449,123.07771489105988,148.336829313629,0
117.07510035689266,190.08705272437862,173.896821715757,1
200.0,190.2706107377386,153.99539655327857,0
126.2365493830455,155.93559928701458,133.749649538992,0
118.63426328791603,168.0649046872819,124.04092909427483,0
117.45431821615665,176.19819144902112,147.224156252288,0
183.51915946609995,200.0,185.46306278299033,0
134.43299386725442,164.33425687849407,102.88036218952585,0
127.38886601458198,148.19586343488945,175.77992284579977,0
154.13069477710042,124.01493602977584,158.5094097839336,0
143.79165868328127,159.15962265037496,120.92663199297809,1
129.6571361764126,180.7249479831921,149.44878812636927,0
172.61974400935438,157.33831083988417,143.878936598054,0
181.95946476293983,126.60230253224991,121.56778905343637,0
179.559525268196,152.6722860748969,133.81694670438947,0
173.00759008983596,146.12539552619657,112.31138097639338,0
162.07876593390105,157.94216273267122,87.85429237768129,1
96.72336000114512,100.1445489834525,154.537093129798,0
200.0,166.52365842308194,181.3346835015241,0
159.0596763107266,167.86269470291168,199.00047183923905,0
168.24469282801925,163.34560314559525,116.65864356432327,0
183.44886968842206,149.88711548564928,200.0,0
193.00057508645975,95.82191212189736,195.78920199526135,0
162.55194033927577,149.4203162408621,192.70425102161846,0
163.0663847788696,181.8214499802651,126.43000822299143,0
132.02327167620842,124.19613371122617,133.1324512475564,0
150.9926925341628,90.32191601516149,91.84927746301666,0
124.37516217556936,103.78326084387919,155.73477710179736,0
128.40178403574316,159.4207707546181,138.1919122823331,1
123.19276793057426,161.18628026557312,154.85372064154913,0
145.31928327008137,176.58879583864405,124.96445894075927,0
181.4727956376003,148.34223012811043,170.18611404426778,1
200.0,104.99014872064288,160.2956432884731,0
155.68498912643742,125.44487578218973,115.67630760936838,0
109.5476073673164,174.56518117798043,148.62336163466134,1
187.94949989568767,154.2148772231843,158.54053502957572,0
140.97648370571918,169.49488904039936,200.0,1
130.18174218069024,163.04366416383118,152.87342541297016,0
156.29548433769165,143.85118344809112,121.7877300853689,0
112.78126201331318,144.77979487475898,140.51210844683305,1
156.6738949202582,200.0,149.06329602382743,0
147.34873430402536,162.44022799827664,145.99214134089317,0
152.95133720446427,146.1423734905092,94.7558432094225,0
161.44248762627512,163.66259972810428,140.0526931435644,0
152.0247677172242,156.6871745887282,129.20073316125567,0
150.49014252338677,85.27930879516616,142.18461116305,0
158.52943556993833,169.50253543116943,200.0,0
162.4620187851338,200.0,125.03128177856362,0
119.05552619054227,126.59160394829809,193.13823012300415,0
107.10026223943655,193.62107246517502,184.81854433030475,1
148.15085843483357,142.29390908004248,170.50493456926714,1
107.01793530197676,158.80414192949468,150.09331255113867,0
152.62594412765011,182.1108005091952,169.63180262672657,0
178.1624062704693,128.39995706127573,136.50240665364757,0
168.2133501574814,187.27481738455413,133.6062260576299,1
118.5548877952358,113.57348155921983,127.56414983574416,1
124.19212644127444,123.7453575325825,158.2170477284147,0
159.84903885002265,132.19439047957422,143.70688254072334,1
137.9610658459947,169.86016099355706,142.8124480200415,0
140.5003411484368,139.7737676829159,192.60686438144268,0
167.90719443743862,104.40076621242396,128.8575446465262,0
120.38139919627042,143.50401384450515,172.06094685969327,0
137.96295870266454,126.47335852396849,134.3421714857358,1
125.99752571746197,171.93880862521107,102.2341492270952,0
118.70611505893933,139.7029483663469,107.22148656478848,0
124.28765433986506,152.12322227701955,135.25342882050404,0
170.32386508039235,137.83582628577986,168.88834469116316,0
151.55461168447266,163.01816904690867,169.2535918298898,0
123.62518113494775,144.49227709588337,142.7793854197769,0
143.0669517722101,159.75596144061197,168.55265126565365,0
100.83578078633467,72.19834305774869,152.2878933022727,0
128.00061577249002,152.9175263093336,142.15529042285846,0
200.0,162.417410103307,175.64193799417131,0
147.29268451002747,144.02159835256225,185.6368170107944,0
171.94976781091177,170.08177414177624,180.48082177796115,0
148.03534874566552,172.15821086978463,140.7938111703407,0
160.44507705725425,189.12641675548508,167.03122883574432,0
169.89774269037522,153.14434824216846,86.12262985405675,0
116.86150207420587,92.58597885990056,155.85200768199695,0
149.07191228178124,81.43501653631064,160.83007097205765,0
197.36595583249465,101.94477143776447,154.55925596867374,0
126.13498349840127,148.86278816447592,143.33181810134815,0
133.00680438803343,145.28084135158304,189.1431955875678,0
140.76926167898995,158.2871955605992,147.20286897776953,0
158.0707221952874,131.2426223232848,145.81386193541582,0
165.7475359093765,127.90526485482755,142.7718976045257,0
188.0223496445597,166.65143827231302,181.02316137951212,0
164.9849470040598,169.67773234117504,141.22621128630976,0
148.13840622604997,142.3004959355856,124.96951896040294,0
187.77501388832442,148.8457002528314,146.73724375179242,0
171.12333066424748,162.12943029986974,200.0,0
105.12961451228952,165.13030725488983,140.9794165539144,0
200.0,115.68057901203778,168.47314902706063,0
200.0,128.41278432246148,141.65667783552087,0
144.9535733169878,113.0836186306384,141.69759555880285,0
161.33730305215425,134.79280155489508,133.17475848692112,0
189.73076249987517,174.37000768025493,113.51087821963739,0
144.83397621909353,166.38815600831296,146.70655114769653,0
171.91055371131057,117.05706118912323,171.55367257711424,0
183.1373542071443,165.36800180477945,197.28578890705987,0
119.55522276796677,152.57529316027356,163.25608488760668,0
131.93004439251413,135.18219878742238,125.49416765063694,0
177.64225193431744,107.80621034689106,172.36513799731097,0
163.82443431446492,144.755298851467,163.62087521575148,0
177.7138968094184,170.39832018347866,191.9508957281942,0
146.02295956038847,85.10707054811623,200.0,1
141.329843671373,138.11630406745653,186.43823265642084,0
90.04081573249883,200.0,138.21725403716377,0
115.61998720477669,170.17910155704283,145.2231136889849,0
151.4119828397548,157.79497485010427,184.73821588219903,1
174.7367165869271,127.88444491287258,134.7692059219027,0
165.93535099607087,129.6501048637809,145.78549606696973,0
146.15274077916894,147.5013481290011,169.03020722175822,1
141.8468530052791,198.08590888131408,182.1181816376333,0
156.5153889791484,163.96767572684792,156.6873230766567,0
152.34633543276456,123.83524806687532,63.224405340025896,0
192.13636544819136,185.3036088715159,160.18097894043572,0
154.3932231143475,141.22217378525727,140.6385241400367,0
105.56262113408104,200.0,120.72237008615384,0
111.82325594903048,133.00190926086887,150.72390498362557,0
195.56278010890742,119.90202729288333,183.61392449577144,1
114.86518615649759,155.2388873344071,116.10368311818522,0
172.934923591006,179.46980951400894,197.69768974191834,0
141.94881794371855,181.1233439019273,179.36190302167512,0
144.90725118292545,154.77575300006436,178.0249087534908,0
145.9760165169474,120.35709936094166,125.5587421736907,1
186.64154878377596,134.83977834306344,142.4627265846444,1
144.21474514368106,89.4515439493735,138.51495384927367,0
149.0004215146454,122.60635387293539,150.01022873801045,0
104.07589507801522,144.6462955530821,148.1338559802029,0
156.2007153512401,161.67006421960437,140.47953357542917,0
165.93127520934178,139.81637035605664,144.66217961636121,0
157.17436741961362,148.29062835066782,143.65139049116468,0
191.93688783260205,138.11443665750548,158.024515891757,0
151.65514064340695,172.5307591256931,100.44548893814702,0
158.96932368357054,123.02661184720384,164.59735046482473,0
199.45512030804537,175.1264374243898,200.0,0
103.49957431925557,200.0,182.1750254185126,0
136.32523956601892,164.18368968065795,121.62308320628028,0
192.78476256057797,134.18725169327874,181.33824071131073,1
178.08387444933248,133.91189567739644,200.0,0
170.3514029652141,186.29511666552293,142.72331221493212,0
174.97952218393436,116.20231722384008,171.6309576387869,1
159.81198627363065,121.38586739182308,200.0,0
198.94792282596813,115.06654638388606,180.90886882781075,0
161.33277509192155,111.64458478437942,196.52161803607487,0
157.19601317685834,118.6555104186043,117.143233334738,0
154.7687602237693,173.6971482535648,157.06862573902697,0
155.78591866651158,183.06847693764072,161.75907307915355,0
115.28948157552396,129.0878078291945,166.92861387878708,1
173.1201916339003,156.22002138137069,173.6852263921728,0
146.0868079865002,172.77470025324703,154.68525171779993,0
200.0,153.0169260929149,110.62817591967541,1
147.73048588234732,121.35171727148284,181.98817243881763,0
162.6275485252697,105.88794794585756,161.36580985954333,0
157.39806558784002,180.31282659376527,114.64150111200419,0
131.2332889467224,164.88538236865142,172.76987462482487,1
179.76410485555516,167.30867680195962,166.58940037396826,0
200.0,116.7705929729691,166.11103643023964,1
149.55668341020467,157.04931578667157,141.3949437541632,0
140.98563643243733,168.86998762370465,199.03216934759706,0
139.3491380683388,159.42101530941437,167.13679893025667,0
93.22914320047977,127.64930349576933,126.30137819573429,1
144.66560568890964,180.36781530196006,103.71726178686961,0
157.52994348024973,104.17104155463679,126.9800345162665,0
181.6427377554085,177.86225774420825,78.91130120093356,0
178.80143223449784,182.43167832261219,142.18320467858626,0
137.50502752689923,197.16990952605676,153.86871151775983,0
141.69531015678336,139.7252342924867,113.77000695833024,0
183.71715916843317,120.01709950315438,133.63669227493588,0
144.79608308781363,173.8164108692514,196.5984795043429,0
134.69911380733149,129.02354162739078,153.21874006978987,0
191.77555348302818,151.31986534331966,196.06030632104392,0
181.12757001151903,140.47613348519783,144.45145748816893,0
150.56375375322773,122.93784085760745,144.69651860020514,0
132.18667656663996,159.62998398554674,84.02237864016841,0
89.64359042265873,108.23952250325894,171.87866241608592,1
167.6911081672417,167.76617044932118,183.01674720146076,0
123.10890832343459,120.99206734629796,139.72895868440312,0
91.11803972577744,98.04805960596221,140.6908732400978,0
197.54461582047054,148.49677623629123,174.39109133981881,0
169.43903373029664,162.9490155843367,127.91108730313871,0
115.82975420649103,167.30803791159673,126.53027042975775,0
113.56795851122223,174.55061192481483,159.5129449848973,0
176.12885346514858,79.39078800928759,131.81245956045552,0
123.66088150392389,119.84566707129986,168.33173652238946,0
188.88449602583648,153.19956883509096,122.39071454251683,0
168.49377937878467,195.57009839808435,195.28526757393178,0
166.0978956170047,173.51233481024184,169.69391052765562,0
162.140863668429,200.0,151.97553537300442,0
155.74352616071735,134.25181731258004,123.79108102362149,0
176.41533597531333,158.23250985846025,118.26738300382542,0
136.37758912453185,117.00087577292078,123.0828890795226,1
152.57855920303155,137.86943341128,107.03390102589073,0
172.55839763031588,127.94112845151079,190.21290953932888,1
166.88969155758383,130.98034022049836,160.26224517230312,1
114.1503958419402,138.1965263644301,182.11884991299496,0
134.98770998087207,150.08152619672043,200.0,0
157.58410516257464,150.66637993549452,189.19818070370496,0
137.75955872880309,166.30360318748177,163.48850374485397,0
200.0,154.1996540216058,137.66848662502824,0
138.20540415737662,139.67863113451125,172.478986650186,0
145.13344657269928,134.3226437540416,156.3341330735759,0
173.08290534531912,140.78604839523948,142.18046577910047,0
159.91598229704746,136.52888575659102,134.54404887138554,0
145.64176628385692,164.72913165545938,182.37650329176702,0
127.30519413357754,175.96575572013788,194.32388359959205,0
159.04542172190298,188.22133613841254,141.74673828629327,1
181.17289321135178,126.06891720178749,136.8897686148942,0
164.37285672294686,164.0811667601625,170.9450921621957,1
126.65449435631633,108.15961075221972,130.9447080439139,0
200.0,161.19524154757735,168.11030060871246,0
106.60266329892318,182.48016846273194,200.0,0
102.51943074591634,145.51231494999016,137.46496691716345,0
178.81671673371685,182.1790814177662,150.73539696613196,0
156.7752143580807,115.8429638905357,200.0,0
133.5150436108788,123.3406415072509,138.8049506105208,0
117.04287817334011,145.9257047206894,154.23110194645653,0
200.0,180.66631063757472,121.7455357676998,0
153.51272616466326,137.47711630974035,128.91496211300208,0
166.02603512537314,136.39340697273676,108.63489084357983,0
159.53655291714546,120.25114924865937,200.0,0
163.04423873193474,156.08643133327865,167.15255973631693,1
166.20283381574419,187.40085422683308,148.62373352389892,0
171.97272029264627,171.02040327281077,118.28807125579515,0
138.74332797717983,170.89951963008795,95.25920810345599,0
141.25074040944466,143.79076575229007,157.25214864877614,0
97.76931574923296,133.10071922208257,145.6454454265477,0
126.59086780495382,170.31737749249112,165.05977991572402,0
158.13338389340146,149.04266773097578,170.76986523245913,0
181.35070126508072,144.79175292841856,180.36825128271224,0
167.9711857912855,176.94721867210848,148.73468661850333,1
139.7792296836621,144.0663764498181,168.66031394288075,0
112.10481263744538,124.86671221844384,137.7739161539427,0
66.679225637177,177.27565485992898,124.45660804155828,0
184.55201924342396,152.421596713016,139.8545019374937,0
132.32313040469552,118.88911968453924,173.06903221387768,0
136.54604981387823,116.61282315385151,168.194930055883,0
153.94721903724206,152.86235627480602,149.6216057299748,0
107.8331985782433,200.0,159.67283168613272,0
139.5065345966539,138.21538189361374,198.22525027530216,0
200.0,139.91178422743263,95.92769674511037,0
165.16160815732027,195.7131359285116,112.34796310628396,0
160.7774746954037,148.28156400628453,149.60898721767072,0
102.52516566054724,106.54599410256034,171.01072011531545,0
200.0,102.8161064235548,143.5418029637845,0
107.31615274120972,186.7999192136244,177.09265364607072,0
200.0,169.99063626750566,59.77688386669324,0
86.54831954436577,174.7837712529358,80.08598227040565,0
192.1609631617326,148.26730324863863,132.9659013696143,0
198.54162807000677,128.19863922051607,200.0,0
125.26772636016496,143.485106528275,149.9979494228485,1
162.6774111681865,154.0809365212313,82.75653096584719,0
166.42441716313996,124.85066532903897,139.19910801528385,0
125.58616550306083,166.8434972865338,168.52481644703522,0
106.52647167789209,112.21211493600836,178.86667143635174,0
110.46847970577704,140.01723706274328,164.11646733584303,0
166.23024659879422,143.8797638257049,142.92587383848826,0
147.44653192441783,129.26940560473895,170.3636788263537,0
133.07096900093518,83.83483934940534,184.60854094747475,0
179.0030403349938,163.4360899233376,133.3580158250592,0
165.24203728174433,127.32747718679198,146.29197715719144,0
127.336118209031,189.77123877973114,145.9170688196947,0
113.96395442947832,139.74053166947843,98.83372780858191,0
165.6978521606423,133.7592123470634,112.28710727279855,0
133.87249894325814,152.74565840336632,80.44125036476873,0
152.97614587594506,181.60319245891344,152.53013775534376,0
197.28896917883154,133.0977701064549,141.0698024312706,0
165.06984720224338,180.4421308448933,139.8290137292843,0
124.13199000740289,193.20910923052867,148.9678875241133,1
154.8198356945932,179.70968431967836,165.57807565798356,1
121.42065141553837,198.79294472976773,129.8225070699138,0
198.2556646784617,188.77938063037408,185.2083367725512,0
133.15263751190338,195.44646881679017,102.23311537042073,0
156.21812240920855,198.12978958246924,149.59052397602667,0
159.23197724038295,156.2420858888989,147.0496352939287,0
154.77751405121109,137.12328301283407,175.4963122473469,1
91.24353134590385,82.13269094268583,135.15042870283395,0
106.60736808050015,110.31800641434613,182.06192575007248,0
136.42949173292726,136.55151602523614,142.9840076815641,0
159.5829549999459,138.547947382783,146.9458467983927,0
145.86662357142689,145.4161660979374,145.5276851179849,0
121.28557580546949,119.9771852925375,170.94288727410498,0
109.54727042634897,102.12667165676058,175.59444493354212,0
137.95327366501968,146.09330500599822,131.85777611569148,1
135.9457186596083,144.31746213564628,107.73327114094694,1
165.3850937277827,125.77337875350402,120.56695151405125,0
140.21044613525046,127.73543515048846,154.95549204005908,0
168.0812296928799,121.79530224382779,149.500624334624,0
132.16050690838784,138.10428782951047,154.22798012141956,0
142.32126992357195,124.31091519014245,128.24483609826572,0
139.55860861072142,187.79625994551046,173.87222445275702,0
126.52899099293731,157.22990196135362,144.7068437621709,0
168.7535596930119,120.83046245920448,100.9969641059224,1
125.59212008716479,141.5865665559764,154.66049339445428,0
134.35075470088142,114.59143180946428,166.42277994985474,0
147.80641062155408,180.36504885524363,154.3128093365066,0
111.0786103212978,191.5256017374246,153.90662937647187,0
140.25195125038502,187.56005948259093,156.81515854440184,0
128.66080920771634,115.65922106272208,118.38812615650392,0
138.3553742255325,147.26198940821473,195.95259073277788,0
148.20215991986728,137.9528797346125,140.2051924876693,1
126.00259130578006,166.86039317742546,194.00535511427762,0
143.39772660538932,119.76270590148306,133.37613397455087,0
189.26006257056537,129.7232491799695,179.00026118520597,0
149.2260432523654,137.60348914944575,157.20538946182393,0
184.35786519057675,154.5986540739727,153.00943300903663,0
160.39483326020283,170.8238612441366,121.83625629346842,0
173.2248182945645,140.13816921790178,186.17455669251478,0
126.76623093687522,169.91895226578666,162.5691603227543,0
153.14721495256538,174.66229070391412,147.2924979007327,1
154.01738767846427,143.60354289384537,186.22124960304,0
131.62122783375193,112.63025601403208,152.6574059218055,0
125.31515027117155,114.86428993697578,200.0,0
105.29203836278106,167.75180925454706,180.50031359854154,0
194.88418910854895,135.71326691055992,140.07872772578793,0
120.82791331942508,98.62112031952634,190.75145663613017,1
190.386632196669,168.38857104549,151.82569153583574,0
135.9752047902644,153.88663561638657,200.0,0
124.12520100825799,107.82098756572114,152.4497508953139,0
168.67557420914994,185.38259943607937,147.62371902984674,0
131.06424174759428,175.0990796147325,152.81904899266283,0
167.0537675677283,154.16235753870538,161.98520049233866,0
140.0156470544337,111.77041896796749,196.47933781403557,0
164.4127348835336,107.9300840134415,158.78570761927418,0
120.95441808278684,140.78794539475692,146.79855224985062,0
174.94053173954305,98.58253831349131,135.19619936793913,0
164.63918047989014,162.15240819553458,173.5704388730571,0
122.41047929812015,107.6753005985899,133.36964608159406,0
200.0,154.94738187764096,114.93509034098032,0
166.2036907920148,141.3560564181982,121.7326067908122,0
200.0,171.35355804291132,136.0521718684689,0
198.00803456246277,121.86157214215535,146.2669688577349,0
144.33495659346647,158.2118834857417,181.59516209568858,0
137.63184736186372,108.1547942149607,132.68269344771133,1
137.89622449737595,173.8664865530822,185.91385357403283,0
95.09914348716569,146.55114701167517,100.86881138559298,0
129.12494641951358,164.8755200689629,200.0,0
157.40298071939912,110.38423959515903,102.40728224339716,0
195.77872682654424,164.972528270153,155.94261115479412,0
126.81684351065394,159.18610188911126,143.47259947825466,0
176.4616979808903,160.9109367814009,126.44055834471202,1
112.42219975490043,159.3790188904196,170.2922605363497,0
132.41039924366603,144.19608351628958,181.7164249258333,0
136.2707821713142,187.23897660947972,144.83441669470304,0
161.15433244492482,145.3230604270289,186.2815473589166,0
163.71928940162434,127.82492398827515,151.92173076008697,0
178.87025234443036,148.23821419893184,118.08660099766004,0
173.12510881214808,121.4844616366641,147.6243748258249,0
157.29504646207477,136.08010730007467,134.1751180113369,0
161.71094830525868,144.68260151431804,163.8064431481531,0
197.65592073292598,138.6133763806242,138.02499323215952,0
134.6722145630321,155.98191218416457,147.77450413952005,0
173.24184957201487,200.0,117.43927673305402,0
95.75568220505245,167.1284951953836,182.0806940437418,0
162.34002728692826,182.16901941864273,139.3311472961685,1
135.50251372562678,134.8887168789529,117.91568667635823,0
150.0771354729453,132.38951134484554,200.0,0
181.2025873516111,138.6546585932103,107.61076878233885,0
154.93931428579194,175.5866729180663,165.2229091740634,0
176.5556262362678,85.55644565307307,85.09003316988651,0
194.21294445415214,119.00505674125898,159.25568248922477,0
161.67281906597162,153.07007540502659,155.64340560054745,0
185.13123193861463,143.27722898811214,142.4286609394748,1
140.20317066962377,200.0,109.09367968636107,0
149.75370353191158,163.43049647227969,124.24407164541168,1
134.32141750804567,130.1342566940856,125.80317676496014,1
181.2893278393913,102.67178794381958,114.77629112428485,0
162.42274061380786,139.78319895186414,121.55862466600925,0
134.78296614315232,110.90339751964757,193.05377673912676,1
154.64006500938996,164.00251951255305,161.73627036519795,0
181.24705166455746,154.83318966725037,189.92482951016416,0
148.8219602688614,159.60095796278193,120.33473688833615,1
121.5320156745071,200.0,137.06090286912962,0
153.95735267362235,122.77602055739106,97.88851336659371,0
90.5830322679318,144.2278737661228,114.28632803121084,0
173.06311933198424,113.62452766533272,141.26660556913262,0
137.3601723802596,147.58204451549625,137.38180941382,0
135.9206779116268,197.7982084785008,200.0,0
176.2708703633852,167.06167197361415,153.2413972041561,0
109.04511368324494,146.565388632324,142.04700348772582,0
200.0,157.5489074645967,163.78387776238247,0
135.5927387478533,113.6743308616923,150.80635658227177,0
134.30247169845313,138.18798864916832,117.42889390206452,1
180.6367422950149,152.55757723711162,131.19336768111754,0
171.2608581933128,152.98265960125624,191.96870647881923,0
200.0,104.08151266804148,189.11363102893145,0
143.6638204910544,159.82869537704343,157.71705955008528,1
146.3878008400677,158.3758947754263,180.58455694917944,0
105.62052060110238,138.68846381181663,199.28427703176936,0
140.03693167953526,150.12524997247502,136.7482286334675,0
128.35706113284732,105.49525339895996,155.5294451939588,1
136.53698960683502,105.60613154026956,156.63272708869772,0
97.67436730338135,154.04061787014712,125.195594049211,1
199.8182267968354,129.96830427251507,163.39294884223585,0
107.50189552723077,149.65333439327097,115.68965942874075,0
65.9339160482486,175.18472016952813,153.06779955514722,0
114.34726735250942,144.7821020908453,141.93258324481184,0
131.88481341611546,65.67995835512409,162.88641350738177,0
115.51337810228645,145.4803908593732,109.35416359550919,0
182.94910622197537,135.56867934017893,134.36701573818436,0
145.86482464211718,142.9591693703124,200.0,0
150.76156813219376,176.9919243771466,145.95461847319,0
168.31175292916237,102.64409442176658,152.04432474538567,0
158.58037580934354,157.31869871723953,129.9128584521562,0
179.3570189233813,197.10911735733697,151.3611278051024,0
116.71567339091564,131.22170655094627,161.39314159616993,0
133.57445697961705,164.1698365855721,135.73308053474935,0
169.97901438208612,178.98917336912407,142.51511098862477,0
73.9633661374731,156.30694317306282,145.00620819948924,0
108.74446562048277,129.4470905900572,158.87212316538407,0
165.0297669653984,128.71436967876,183.91552005635236,0
135.59252895015223,172.31400461297946,129.92022904027039,0
178.08322650329092,167.76447272345203,174.17941981532854,0
174.27540890559487,126.40594754786324,174.13817172346418,1
114.05721359426886,114.7058053691675,157.64497036028814,0
162.19971262400642,111.57579857553011,182.44955257934052,0
186.05093567002518,199.84955583554313,152.97205089246006,0
154.42303204952916,147.96164638828503,153.23448861112414,0
120.67605368262392,200.0,144.79342652874286,0
176.3816982574011,166.66636809211627,141.889086253894,0
169.06273579661988,163.18566968501395,143.6850555292093,0
166.27832350496388,159.1881746491555,94.1753647800868,0
171.47816680310976,179.97449550592097,168.00820964360292,0
60.16161419317143,121.01810444867792,140.33230791002367,0
176.42812683242914,200.0,105.93402369940036,1
200.0,146.99094892164504,179.10965961675785,0
163.09915423887878,128.89799723421567,120.73373286186737,0
155.78186989499181,159.0768300686526,175.78476407546046,0
170.89316020174317,182.77016628092395,127.75332082840002,0
160.14676421055347,119.77335372651072,178.7666276636991,0
169.5534378510185,167.00608117323213,200.0,1
150.04413000736233,128.5066752724057,102.14812079610302,0
126.99885436389299,134.81179400476535,142.35113374739646,0
119.8703186335616,135.3155274373491,178.70425660697094,0
120.05424815304409,172.9062439945776,158.39067209142092,1
108.80872347147314,116.72781804616866,158.45089539970343,0
117.9677396694268,155.77848330103836,177.46810314710453,0
200.0,139.69746407752223,126.33419229505127,0
172.62286990968727,124.58369466124412,111.50859122144412,0
131.24917827945987,113.59429191736558,128.58570546241137,0
138.28821918043477,113.91335026451992,190.0065648646028,0
153.37672592719363,100.98611947041609,127.08280648083344,0
130.33364911546926,176.88501581247803,103.9512569888444,0
152.02550571522974,142.75040512106338,184.7034300442274,0
173.32812413708737,154.75955790198728,134.63455765666797,0
148.9277179935548,185.34568093444793,136.52973724169712,0
160.08047227985978,113.39648529205343,108.18382933112184,0
176.5947461807885,121.75362974052855,165.91166208918546,0
141.83604731945374,157.6414661008135,167.03898069613547,0
158.5437179740309,95.277613437589,133.48632432431256,0
140.71867221349916,132.63874461009394,114.18802644443198,0
149.1441339049675,122.25320780698598,93.23699946297754,0
140.2580920475112,159.88567326508607,167.04174878710512,0
134.13390439331653,137.22552400908393,200.0,0
155.2113555896107,200.0,162.12968733478957,0
166.99635947454638,178.13674116208182,168.24965797978058,0
154.38913338003132,124.40284547174066,154.39683653458718,0
164.96180874935797,138.3805968762945,160.4872981323947,0
127.86204659276311,139.57246461253666,143.00950627920116,0
113.88794423400662,200.0,158.82565931800343,0
162.5113050890281,104.69401068065577,125.96979451264667,0
170.63644173524264,156.1061910121384,112.77920153018505,0
151.4957179979947,87.46703593915413,153.33715973362712,0
190.44107341274156,149.79187676382233,152.94486730377844,0
177.23096393963695,200.0,114.76732673269163,0
200.0,137.74633704977674,133.4570574578703,0
143.97574458013003,183.13663264416147,139.49780915781287,0
120.03453611713896,148.01654322140388,171.4735044972819,0
127.79589627781459,137.32503849523695,154.7600264681686,0
133.03506580876032,142.45030923160812,144.97169763025494,0
164.28094150314342,132.39292064459997,102.23352345643244,0
85.2579430811623,131.2182518433053,158.1123167761879,0
189.5565305427251,110.09416763026513,165.87597734752634,0
142.82110226572968,195.20402186848332,200.0,0
142.59619326633745,138.2077081261967,163.39000307938574,0
117.61970501925015,158.8132293229726,177.72332087290724,1
146.5732334564946,123.70404445680643,178.0098163191643,0
150.39719303002602,183.5097167824605,95.6189347455025,0
146.34165217199168,141.7933266627651,146.26145948225337,0
160.17177767827292,147.26901996426585,144.91063974472564,1
132.3110387414691,95.13070094112163,136.20091424984906,1
123.12552718767519,161.87928633418835,175.69601385656085,0
166.4498439149394,200.0,198.80162328908514,1
152.96002361447387,123.92767242000265,122.26591128054226,0
155.91543165592103,136.25312538892553,145.32017414109384,0
181.77081763325899,115.85028125354951,162.7499254131235,1
119.32306826217943,153.87486522721127,126.613457780107,0
124.34278628247408,151.92072593720485,86.5039147032135,1
187.71658952486982,171.15243304483408,143.54810922844138,0
105.51349927277872,166.5442064040276,116.87727872033493,0
110.71763561006958,125.62451861443196,91.84623136324697,0
174.53585493554988,156.74844147193122,177.05691092605053,0
157.14600576066115,140.1509667983258,199.06443870844782,0
153.15696411177828,117.26901067869859,165.8677874193212,0
147.2502177569885,146.1943238111216,162.47891781349134,0
150.9380264108271,200.0,163.02249043941936,0
147.23663655924133,200.0,147.67176104451153,0
190.66328107783255,154.19479793302955,163.47506975340983,0
138.05555613749775,200.0,146.06094277552774,0
145.15879391166663,148.63849907561183,127.47195053842673,0
200.0,148.40584981675556,188.32955356104242,0
150.82529106089507,91.51284637110712,172.46284657110755,0
200.0,121.19683302167141,200.0,0
146.8506089694314,126.49502208040572,125.44178174760859,0
191.02244947380476,153.2255709499629,106.64546516391529,0
100.33967885070967,150.41953604577827,190.25289573819595,0
154.60933382446999,132.631729458244,146.8443133342826,0
102.46579310547193,132.3356040139847,190.70361735160407,0
175.3336291981376,145.01540593176142,200.0,0
113.61396551372926,108.55765047953152,108.82111054836795,1
158.51308663150036,131.62084318894324,124.27714797189134,0
141.53412369928694,138.56130390575115,99.56134649030011,0
115.25390444447913,112.53153200781377,145.48204037430145,0
101.41920051307372,140.09286320206368,128.3680800965758,0
134.66878609259672,124.95578509396475,91.77352715428312,0
200.0,187.0614717602843,152.99715178765055,0
141.19544835331868,142.68588608582635,188.45509334783128,0
177.51664626347568,144.31362995230273,120.89761795783983,0
148.28871397013435,162.84084321064103,187.36129648321,0
176.30180321071356,166.70904950521887,170.90614122301193,0
95.19265865086447,97.91274587099547,148.063439431274,0
137.904350794514,138.69647672677397,118.26479025059689,0
178.48216571379658,122.72903021243727,135.92333171087466,0
145.10235153500463,145.64489267420345,200.0,0
147.4063415186686,133.91002436403258,138.32277615587296,0
137.0861426434262,154.71208388573424,167.08838811882694,0
184.48138150101371,120.58622263313532,141.7710160973511,0
158.92543061864836,132.9669827543944,117.04749427015406,0
151.32066828526044,132.2652099323294,170.69162585881588,0
169.29163636017879,182.4777411141268,199.4774472563295,0
167.6467478735381,161.04010977841628,181.9539792356958,1
156.3776113931261,161.06666122756997,198.27134927659438,0
196.41094490972534,141.41045157569923,154.2905002288368,0
148.19137399082643,138.45846443719338,149.92328714384996,0
158.3424314390383,166.83008665492912,165.8304143158873,0
130.7114233994133,173.32301801381354,143.32136222731708,0
154.50345681018388,150.45440356886522,135.25544940035053,0
197.63284571236102,184.24943836428304,102.18481474441364,0
130.70227194633785,188.2246508254555,180.55119288146426,0
115.99221523084623,100.05905881833256,151.49055647809715,0
179.90278928459446,162.9113665434915,101.94453739236323,1
145.53701543298962,148.7219421452689,95.44767880157289,0
152.8801261490931,161.6486644190473,200.0,0
148.64660088919996,183.47929584080228,182.26809849639722,0
152.37365171788605,122.38385510725679,161.50208402241557,0
175.51592050570315,101.39177692732315,105.9900762014052,0
124.82627428202179,183.18574418553135,142.05654711656956,0
119.64677747683534,120.04546065208763,119.03762963965171,0
152.54904411113122,129.41341458236894,139.06694758378234,0
101.80680931650502,156.1386268025895,143.49377367208547,0
108.80839391874215,129.41694536515934,128.2415385927403,0
200.0,102.23368115053208,108.186916483933,0
172.7240499018421,151.02569302247176,172.1611595338378,1
149.69830584392957,126.55546023114422,157.48040806839253,0
187.1402080787532,167.93579633610807,166.45655335209676,1
118.78202309744566,134.81770331764037,184.04694598057628,0
140.53190629842425,129.34661583837607,183.0884220914617,0
168.70360828273147,143.6999838266937,199.8969070139244,0
176.72015044294184,181.56460430516012,177.775985882655,0
165.3875054048333,177.23712244913054,163.77347838554672,0
73.76283576935326,117.20321452620841,137.6296365513041,0
120.95753647006266,200.0,111.30805954371911,0
164.31204277070594,140.22671026244916,167.70777023661105,0
139.3214552085958,115.42752813121498,141.23818163857095,0
200.0,176.64695970146335,200.0,0
177.7967490290129,139.14982627936945,134.86341079959612,0
166.74245641855998,200.0,158.40235499361597,0
116.4915133875983,175.422250664446,158.5399245790708,0
148.94109781191253,144.03840461073696,105.80298358525283,0
157.23611892656857,197.25920633196614,127.04708495908503,0
183.83350890383406,175.47345634411334,90.40019175653597,0
176.43393291298898,113.13314409195331,158.2351086096121,0
180.98967583559838,176.6518232871721,155.60042281388664,0
122.28263952569993,134.50537674154648,172.31288884202652,0
192.36455094895894,147.50021144259975,128.24433893735508,0
108.58707743078193,153.93163347652384,118.21423277607042,0
133.92256315001515,123.62711963201218,140.3411197535135,0
